Designator,Val,Package,Mid X,Mid Y,Rotation,Layer
C1,1uf,C_0402_1005Metric,100,-110.5,90,top
C2,0.1uf,C_0402_1005Metric,102,-117.75,-45,top
C3,0.1uf,C_0402_1005Metric,99.5,-106.25,90,top
C4,0.1uf,C_0402_1005Metric,97.95,-123.6,-90,top
C5,0.1uf,C_0402_1005Metric,100.5,-106.25,90,top
C6,0.1uf,C_0402_1005Metric,93.845,-105.95,180,top
C7,0.1uf,C_0402_1005Metric,100.75,-112,0,top
C8,0.1uf,C_0402_1005Metric,91.7,-111.5,90,top
C9,0.1uf,C_0402_1005Metric,101.5,-110.5,45,top
C10,1uf,C_0402_1005Metric,98.5,-106.23,90,top
C11,0.1uf,C_0402_1005Metric,98.95,-123.35,-90,top
C12,0.1uf,C_0402_1005Metric,99,-110.25,90,top
C13,10uf,C_0603_1608Metric,92.5,-94.5,180,top
C14,10uf,C_0603_1608Metric,93,-100.5,180,top
C15,33pF,C_0402_1005Metric,98.2,-125.6,90,top
C16,33pF,C_0402_1005Metric,92.2,-125.6,-90,top
C17,0.1uf,C_0402_1005Metric,89.5,-118.4,-90,top
D1,red,LED_0402_1005Metric,96.475,-129.01,0,top
J1,USB_C_Receptacle_USB2.0_14P,USB_C_Receptacle_HRO_TYPE-C-31-M-12,96,-88.5,180,top
J4,Conn_01x03,PinHeader_1x03_P2.54mm_Vertical,93.42,-135.5,90,top
R1,5.1k,R_0402_1005Metric,97.75,-95.01,-90,top
R2,5.1k,R_0402_1005Metric,94.75,-95.01,-90,top
R3,27,R_0402_1005Metric,96.5,-110.0625,-90,top
R4,27,R_0402_1005Metric,97.9,-110.0625,-90,top
R5,1K,R_0402_1005Metric,95.94,-123.1,0,top
R6,10K,R_0402_1005Metric,94.25,-104.4,180,top
R7,1k,R_0402_1005Metric,91.575,-105.7,0,top
R8,1K,R_0402_1005Metric,97.5,-132,0,top
SW1,SW_Push,SW_Push_SPST_NO_Alps_SKRK,99.15,-100.8,90,top
U1,RP2040,QFN-56-1EP_7x7mm_P0.4mm_EP3.2x3.2mm,96,-115.5,0,top
U3,W25Q16JVZPIQ TR,Winbond_USON-8-1EP_3x2mm_P0.5mm_EP0.2x1.6mm,93.075,-107.95,0,top
U4,MCP1700x-330xxTT,SOT-23,93,-97.4375,90,top
Y1,12 MHz,Crystal_SMD_3225-4Pin_3.2x2.5mm,95.2,-125.45,0,top
J2,Conn_01x20,PinHeader_1x20_P2.54mm_Vertical,87.11,-87.34,180,bottom
J3,Conn_01x20,PinHeader_1x20_P2.54mm_Vertical,104.89,-87.34,180,bottom
